,0
NumberofDotsinURL,0.08308262002351086
ArgUrlRatio,0.07376700769131697
domain_token_count,0.07242905160985366
CharacterContinuityRate,0.056103219303344956
pathurlRatio,0.055825575521306646
avgdomaintokenlen,0.05308918924780098
Entropy_Domain,0.052677450907822915
Arguments_LongestWordLength,0.04483069677359504
avgpathtokenlen,0.04333537722893663
Querylength,0.041018462877709376
NumberRate_URL,0.04034645811049789
Directory_LetterCount,0.03874215290832379
path_token_count,0.03456805948010077
Filename_LetterCount,0.032440382302656695
NumberRate_FileName,0.03132325831453256
spcharUrl,0.030329131831220515
Entropy_Extension,0.02882859609636197
Entropy_URL,0.02241645123738807
Path_LongestWordLength,0.02187088028680734
fileNameLen,0.021047590533111792
